{
  "questions": [
    {
      "type": "multiple",
      "difficulty": "easy",
      "category": "Operating Systems",
      "question": "Which of the following is NOT an operating system?",
      "correct_answer": "Oracle",
      "incorrect_answers": [
        "Linux",
        "Windows",
        "MacOS"
      ]
    },
    {
      "type": "multiple",
      "difficulty": "easy",
      "category": "Database Management Systems",
      "question": "Which of the following is used to uniquely identify a record in a table?",
      "correct_answer": "Primary Key",
      "incorrect_answers": [
        "Foreign Key",
        "Candidate Key",
        "Super Key"
      ]
    },
    {
      "type": "multiple",
      "difficulty": "easy",
      "category": "Computer Networks",
      "question": "Which protocol is used for email services?",
      "correct_answer": "SMTP",
      "incorrect_answers": [
        "FTP",
        "HTTP",
        "DNS"
      ]
    },
    {
      "type": "multiple",
      "difficulty": "easy",
      "category": "Data Structures and Algorithms",
      "question": "Which data structure uses LIFO (Last In First Out) principle?",
      "correct_answer": "Stack",
      "incorrect_answers": [
        "Queue",
        "Linked List",
        "Array"
      ]
    },
    {
      "type": "multiple",
      "difficulty": "easy",
      "category": "Operating Systems",
      "question": "What is the main function of an operating system?",
      "correct_answer": "Manage hardware and software resources",
      "incorrect_answers": [
        "Execute user programs",
        "Provide database services",
        "Send emails"
      ]
    },
    {
      "type": "multiple",
      "difficulty": "easy",
      "category": "Database Management Systems",
      "question": "What is the full form of SQL?",
      "correct_answer": "Structured Query Language",
      "incorrect_answers": [
        "Standard Query Language",
        "Sequential Query Language",
        "Secure Query Language"
      ]
    },
    {
      "type": "multiple",
      "difficulty": "medium",
      "category": "Computer Networks",
      "question": "Which of the following is a Layer 3 device in the OSI model?",
      "correct_answer": "Router",
      "incorrect_answers": [
        "Switch",
        "Hub",
        "Repeater"
      ]
    },
    {
      "type": "multiple",
      "difficulty": "medium",
      "category": "Data Structures and Algorithms",
      "question": "Which sorting algorithm has the best average-case time complexity?",
      "correct_answer": "Merge Sort",
      "incorrect_answers": [
        "Quick Sort",
        "Bubble Sort",
        "Insertion Sort"
      ]
    },
    {
      "type": "multiple",
      "difficulty": "medium",
      "category": "Operating Systems",
      "question": "Which of the following scheduling algorithms is preemptive?",
      "correct_answer": "Round Robin",
      "incorrect_answers": [
        "First-Come, First-Serve (FCFS)",
        "Shortest Job First (SJF)",
        "Priority Scheduling"
      ]
    },
    {
      "type": "multiple",
      "difficulty": "medium",
      "category": "Database Management Systems",
      "question": "In DBMS, which normal form eliminates partial dependency?",
      "correct_answer": "Second Normal Form (2NF)",
      "incorrect_answers": [
        "First Normal Form (1NF)",
        "Third Normal Form (3NF)",
        "Boyce-Codd Normal Form (BCNF)"
      ]
    },
    {
      "type": "multiple",
      "difficulty": "medium",
      "category": "Computer Networks",
      "question": "What is the maximum length of an IPv4 address?",
      "correct_answer": "32 bits",
      "incorrect_answers": [
        "64 bits",
        "128 bits",
        "16 bits"
      ]
    },
    {
      "type": "multiple",
      "difficulty": "medium",
      "category": "Data Structures and Algorithms",
      "question": "Which data structure is used for breadth-first traversal of a graph?",
      "correct_answer": "Queue",
      "incorrect_answers": [
        "Stack",
        "Tree",
        "Hash Table"
      ]
    },
    {
      "type": "multiple",
      "difficulty": "hard",
      "category": "Operating Systems",
      "question": "Which of the following is used to handle deadlocks in an operating system?",
      "correct_answer": "Banker's Algorithm",
      "incorrect_answers": [
        "Paging",
        "Segmentation",
        "Round-Robin Scheduling"
      ]
    },
    {
      "type": "multiple",
      "difficulty": "hard",
      "category": "Database Management Systems",
      "question": "Which of the following is not a type of join in SQL?",
      "correct_answer": "Exclusive Join",
      "incorrect_answers": [
        "Inner Join",
        "Left Join",
        "Cross Join"
      ]
    },
    {
      "type": "multiple",
      "difficulty": "hard",
      "category": "Computer Networks",
      "question": "Which protocol is used to dynamically assign IP addresses?",
      "correct_answer": "DHCP",
      "incorrect_answers": [
        "DNS",
        "IP",
        "NAT"
      ]
    },
    {
      "type": "multiple",
      "difficulty": "hard",
      "category": "Data Structures and Algorithms",
      "question": "What is the worst-case time complexity of binary search?",
      "correct_answer": "O(log n)",
      "incorrect_answers": [
        "O(n)",
        "O(n²)",
        "O(1)"
      ]
    },
    {
      "type": "multiple",
      "difficulty": "hard",
      "category": "Operating Systems",
      "question": "What is a critical section in operating systems?",
      "correct_answer": "A segment of code where shared resources are accessed",
      "incorrect_answers": [
        "An interrupt handler",
        "A section of memory",
        "A page fault handler"
      ]
    },
    {
      "type": "multiple",
      "difficulty": "hard",
      "category": "Database Management Systems",
      "question": "Which of the following is a non-relational database?",
      "correct_answer": "MongoDB",
      "incorrect_answers": [
        "MySQL",
        "PostgreSQL",
        "Oracle"
      ]
    },
    {
      "type": "multiple",
      "difficulty": "hard",
      "category": "Computer Networks",
      "question": "In which layer of the OSI model does the TCP protocol operate?",
      "correct_answer": "Transport Layer",
      "incorrect_answers": [
        "Network Layer",
        "Data Link Layer",
        "Application Layer"
      ]
    },
    {
      "type": "multiple",
      "difficulty": "hard",
      "category": "Data Structures and Algorithms",
      "question": "Which data structure is used for depth-first traversal of a graph?",
      "correct_answer": "Stack",
      "incorrect_answers": [
        "Queue",
        "Array",
        "Heap"
      ]
    }
  ]
}
